LOCALITÀ DI INTERVENTO;"Attrattore
Tipo";"Attrattore
Nome";Municipio;"Posti
×
manuf";"Tot
manuf";"Tot
posti";Data di posa
Agnello, Via – cv 20;Vari;;1;5;2;10;20/09/2016
Agnello, Via – cv 20;Vari;;1;5;1;5;20/09/2016
Alemagna, Viale – Presso Triennale di Milano;Museo;Triennale di Milano;1;5;8;40;27/06/2015
Andreani, Via – cv. 10;Uffici e servizi pubblici;Avvocatura comunale;1;5;4;20;18/06/2015
Ansperto, Via - cv 4                        -  Richiesta assessore;Vari;;1;5;2;10;10/11/2016
Ansperto, Via - cv 5                       - Richiesta assessore;Vari;;1;5;4;20;10/11/2016
Ansperto, Via (angolo Via Luini) - Richiesta assessore;Vari;;1;5;1;5;10/11/2016
Bagutta, Via;Stazione metropolitana;M1 San Babila;1;5;1;5;04/10/2012
Beltrami Luca, Via – A fianco dell'ingresso M1 (lato Decathlon);Vari;;1;5;1;5;30/09/2015
Beltrami Luca, Via – Lato civici dispari (guardando il Castello, a sinistra, lungo il filare alberato);Vari;;1;5;2;10;30/09/2015
Beltrami Luca, Via – Lato civici pari (guardando il Castello, a destra, lungo il filare alberato);Vari;;1;5;3;15;30/09/2015
Bonaparte, Foro – cv 48;Vari;;1;5;1;5;25/06/2015
Bonaparte, Foro – cv 50;Vari;;1;5;1;5;10/06/2015
Bonaparte, Foro – cv 51;Stazione ferroviaria e metropolitana;FNM Cadorna - M1-2;1;5;5;25;04/05/2012
Bonaparte, Foro – cv 52;Vari;;1;5;1;5;10/06/2015
Bonaparte, Foro – cv 56;Vari;;1;5;1;5;10/06/2015
Bonaparte, Foro – cv 66;Vari;;1;5;1;5;10/06/2015
Bonaparte, Foro – cv 70;Vari;;1;5;1;5;10/06/2015
Bonaparte, Foro – Fronte cv 48, lato opposto, presso fermata TPL;Vari;;1;5;1;5;2013
Cadorna, Piazzale – All'angolo con Via Carducci;Stazione ferroviaria e metropolitana;FNM Cadorna - M1-2;1;5;2;10;19/04/2012
Cadorna, Piazzale – Cadorna Trenord ingresso principale - MM 1-2  ;Stazione ferroviaria e metropolitana;FNM Cadorna - M1-2;1;5;4;20;19/04/2012
Cairoli, Largo – Fianco ingresso M1  (guardando Via Dante, a dx) imbocco Via Dante, lato Via Camperio;Vari;;1;5;1;5;01/10/2015
Cairoli, Largo – Fianco ingresso M1  (guardando Via Dante, a dx) imbocco Via Dante, lato Via Dante;Vari;;1;5;2;10;01/10/2015
Cairoli, Largo – Fianco ingresso M1  (guardando Via Dante, a sx) imbocco Via Dante, lato Via Dante;Vari;;1;5;2;10;01/10/2015
Cairoli, Largo – Fianco ingresso M1  (guardando Via Dante, a sx) imbocco Via Dante, lato Via Pozzone;Vari;;1;5;1;5;01/10/2015
Cairoli, Largo – Su marciapiede a fianco barriera parapedonale (fronte banca) c/o imbocco Via Camperio;Vari;;1;5;2;10;01/10/2015
Cairoli, Largo – Su marciapiede a fianco della pista ciclabile sotto alberi, fronte lato opposto Decathlon;Vari;;1;5;4;20;30/09/2015
Cairoli, Largo – Su marciapiede a fianco della pista ciclabile, fronte ingresso negozio Decathlon;Vari;;1;5;3;15;30/09/2015
Callas, Largo – Su marciapiede lato destro del teatro, due aree;Teatro;Dal Verme;1;5;2;10;12/11/2016
Cantù, Via – ang. Galleria Centrale ***** ASSESSORE;Vari;;1;5;3;15;16/06/2015
Carducci, Via – Presso ingresso MM Sant'Ambrogio;Stazione metropolitana;M2 Sant'Ambrogio;1;5;1;5;17/09/2015
Castello, Piazza – cv 20 – Su musone;Vari;;1;5;2;10;26/06/2015
Castello, Piazza – cv 22 – Su marciapiede;Vari;;1;5;1;5;26/06/2015
Cavour, Piazza – Area spartitraffico centrale;Vari;;1;5;7;35;19/09/2015
Conca del Naviglio, Via – cv 8;Piscina;Acquasalis;1;5;2;10;16/04/2016
Cordusio, Piazza – Piazza Cordusio angolo Via Cordusio cv 1;Stazione metropolitana;M1 Cordusio e Poste Italiane;1;5;2;10;11/05/2012
Croce Rossa, Via – Presso la stazione;Stazione metropolitana;M3 Monte Napoleone;1;5;2;10;18/09/2015
Crocetta, Largo – Presso cv 2;Stazione metropolitana;M3 Crocetta;1;5;2;10;17/06/2015
Dante, Via – Lato nord-ovest – Via Dante angolo Via Broletto – co;Stazione metropolitana;M1 Cordusio;1;5;3;15;11/05/2012
De Meis, Piazza;Vari;;1;5;4;20;06/10/2016
Dogana, Via;Uffici e servizi pubblici;InformaGiovani;1;5;1;5;18/05/2015
Duomo, Piazza - cv 12 - 2 manufatti collocati sul retro con accesso anche da Pecorari, l'altro nel cortile centrale;Comune di Milano;Palazzo Reale;1;5;3;15;11/08/2016
Duomo, Piazza - cv 14;Comune di Milano;Palazzo Reale;1;5;2;10;17/09/2015
Duomo, Piazza - cv 19;Comune di Milano;Uffici Comunali;1;5;2;10;23/02/2016
Garibaldi, Corso – cv 132 – Presso ingressi stazione MM;Stazione metropolitana;M1 Moscova;1;5;2;10;28/05/2015
Garibaldi, Corso – cv 27 – Presso ingressi centro Civico;vari;;1;5;1;5;06/05/2015
Greppi, Largo – Fronte ingresso del teatro, lato pista ciclabile presso chiosco;Teatro;Strehler;1;5;3;15;24/06/2015
Greppi, Largo – Presso scala della stazione metropolitana, fronte scale teatro;Teatro;Strehler;1;5;2;10;24/06/2015
Guastalla, Via della – cv 2/A – Presso il cortile della Sormani, solo dipendenti;Uffici e servizi pubblici - Bilioteca;Biblioteca Centrale - Sormani;1;5;1;5;18/06/2015
La Foppa, Largo – Presso le scale di accesso alla stazione  MM;Stazione metropolitana;M2 Moscova;1;5;3;15;23/05/2015
Lampugnano – Parcheggio ATM;Parcheggio ATM presso Metro;;1;5;2;10;05/06/2012
Leopardi, Via – Angolo Via Boccaccio;Stazione ferroviaria e metropolitana;FNM Cadorna - M1-2;1;5;4;20;04/03/2013
Manara, Via – Angolo Corso di Porta Vittoria;Palazzo di Giustizia;;1;5;1;5;19/01/2013
Manin, Via – Cv 29/27 – Presso ingresso principale del catasto;Uffici e servizi pubblici - Catasto;;1;5;4;20;28/09/2012
Marino, Via – Presso fianco est di Palazzo Marino;Uffici e servizi pubblici - Comune di Milano;Comune di Milano - Palazzo Marino;1;;;0;24/08/2012
Matteotti, Corso – Dietro rampa bix Meda e cv 1;Vari;;1;5;4;20;18/10/2012
Mattioli, Largo;Vari;;1;5;1;5;11/10/2012
Meda, Piazza – Angolo Catena;Vari;;1;5;3;15;08/11/2012
Meda, Piazza – Angolo Verri / Matteotti;Vari;;1;5;2;10;11/06/2015
Meda, Piazza – cv 4;Vari;;1;5;1;5;19/09/2015
Mercato, Via – cv 5 – Su musone, angolo Via Tivoli;Vari;;1;5;1;5;24/06/2015
Metastasio, Via;Stazione ferroviaria e metropolitana;FNM Cadorna - M1-2;1;5;6;30;28/12/2012
Mieli Renato, Sito – Presso Corso di Porta Romana 106;Vari;;1;5;2;10;18/09/2015
Milazzo, Via - Presso ingresso cinema Anteo;Cinema;Anteo;1;5;5;25;15/06/2015
Minghetti, Via – Angolo con Piazza Castello  (* 1 manufatto sostituito);Stazione ferroviaria e metropolitana;FNM Cadorna - M1-2;1;5;2;10;19/04/2012
Oberdan, Piazza – Presso ingressi stazione, lato civici pari;Stazione metropolitana;M1 Porta Venezia;1;5;2;10;01/02/2011
Paleocapa, Via – cv 6;Stazione ferroviaria e metropolitana;FNM Cadorna - M1-2;1;5;4;20;08/05/2012
Palermo, Via – cv 17 - Presso scuola dell'infanzia e nido d'infanzia;Nido e scuola dell'infanzia;Palermo 17;1;5;3;15;22/05/2012
Palermo, Via – cv 7-9 - Presso scuola primaria;Scuola Primaria;IC Giusti - D'Assisi - Scuola Primaria Ciceri-Visconti;1;5;3;15;22/05/2012
Palestro, Via –  ingresso MM;Stazione metropolitana;M1 Palestro;1;5;1;5;11/06/2015
Passarella, Via (tra Corso Vittorio Emanuele II e Via Beccaria);Vari;;1;5;2;5;09/11/2016
Pio XI, Piazza ;Vari;;1;3;3;9;01/02/2014
"Porta Nuova, Bastioni di – cv 4 – Scuola Primaria ""Bastioni di Porta Nuova - Alberto da Giussano""";Scuola Primaria;ICS Milano Spiga;1;5;5;25;2013
Porta Romana, Corso di – cv 80;Stazione metropolitana;M3 Crocetta;1;5;1;5;17/06/2015
Porta Vittoria, Corso di – Presso entrata Coin ***** ASSESSORE;Grande magazzino;;1;5;1;5;06/05/2015
Posta, Via della;Vari;;1;5;1;5;26/11/2012
Rivoli, Via – Su marciapiede lato aiuola;Teatro;Strehler;1;5;4;20;25/06/2015
Rivoli, Via – Su marciapiede lato case / ingresso M2 Lanza;Teatro;Strehler;1;5;2;10;25/06/2015
Ruffini , Via – cv 4;Scuola Primaria;Ruffini;1;5;2;10;14/05/2015
San Babila, Piazza – Presso ingressi della stazione;Stazione metropolitana;M1 San Babila;1;5;9;45;04/10/2012
San Barnaba, Via – Ang. Via della Commenda;Vari;;1;5;4;20;03/06/2016
San Barnaba, Via – Ang. Via Manara (Richiesto da Assessore Maran);Palazzo di Giustizia;;1;5;1;5;19/01/2013
San Barnaba, Via – cv 11 – Su marciapiede;Ospedale;;1;5;2;10;03/06/2016
San Barnaba, Via – Sul fianco della chiesa, dietro il tribunale;Vari;;1;5;3;15;21/06/2012
San Calimero, Via;Vari;;1;5;4;20;13/06/2015
San Nicolao, Via – All'angolo con Foro Buonaparte;Stazione ferroviaria e metropolitana;FNM Cadorna - M1-2;1;5;5;25;08/05/2012
San Paolo, Via – cv 10 – Presso angolo con Piazza del Liberty;Vari;;1;5;3;15;2013
San Paolo, Via – cv 18 – Presso angolo con Piazza Meda, fianco attravers. pedonale;Vari;;1;5;1;5;2013
San Paolo, Via – cv 18 – Presso angolo con Piazza Meda, fianco struttura ascensori;Vari;;1;5;3;15;15/05/2012
San Paolo, Via – Tra Piazza del Liberty e Corso Vittorio Emanuele II;Vari;;1;5;2;10;11/07/2012
San Pietro in Gessate, Piazza – Fronte Tribunale;Palazzo di Giustizia;;1;5;2;10;19/01/2013
San Sepolcro, Piazza - Angolo Via Valpetrosa;Vari;;1;5;1;5;06/10/2016
San Vincenzo, Via - Fronte civico 30;Scuola dell'infanzia;Ariberto 12;1;5;3;15;24/08/2016
San Vincenzo, Via - Presso angolo con Via Ariberto;Scuola dell'infanzia;Ariberto 12;1;5;2;10;17/06/2015
San Vittore, Via – Presso ingresso del Museo della Scienza e della Tecnica;Museo;Museo della Scienza e della Tecnica;1;5;3;15;15/06/2015
"Santo Spirito, Via – cv 21 – Scuola Secondaria di primo Grado ""Santo Spirito - Giuseppe Parini""";Scuola Secondaria di Primo Grado;ICS Milano Spiga;1;5;1;5;2013
Sempione, Corso – cv 55;Uffici;VOLKSWAGEN FINANCIAL SERVICES;1;5;2;10;15/05/2015
"Solferino, Via – cv 50/52 – Scuola Secondaria di Primo Grado ""Solferino - Rossari Castiglioni""";Scuola Secondaria di Primo Grado;ICS Milano Spiga;1;5;2;10;2013
Statuto, Via – Angolo Largo La Foppa e Via Moscova;Stazione metropolitana;M2 Moscova;1;5;1;5;11/06/2015
Statuto, Via – civ. 18 - Angolo Largo La Foppa;Stazione metropolitana;M2 Moscova;1;5;1;5;06/10/2016
Turati, Via – Presso  ingressi stazione MM;Stazione metropolitana;M3 Turati;1;5;1;5;19/09/2015
Venezia, Corso – cv 24 / 26;Vari;;1;5;4;20;23/09/2015
Venezia, Corso – cv 52 / 54;Vari;;1;5;4;20;23/09/2015
Venezia, Corso – cv 55;Museo civico di storia naturale;;1;5;2;10;11/08/2016
Venezia, Corso – Fronte cv 57;Vari;;1;5;6;30;23/09/2015
Venezia, Corso – Palestro ingresso MM;Stazione metropolitana;M1 Palestro;1;5;2;10;12/06/2015
Venticinque Aprile, Piazza;Pubblico esercizio;Eataly;1;5;3;15;14/05/2015
Virgilio, Piazza - Angolo tra  Via Caradosso e Via Monti;;;1;5;1;5;12/11/2016
Virgilio, Piazza - Angolo tra Via Boccaccio e Via Monti (rimuovere rastrelliera esistente);Esercizio commerciale;Supermercato SimplyCity;1;5;2;10;12/11/2016
Virgilio, Piazza - cv. 3 - Angolo tra Via Caradosso e Via Boccaccio;;;1;5;2;10;12/11/2016
Zenale, Via  – cv 6;Centro Sportivo;San Carlo;1;5;2;10;06/02/2015
"Bottego, Via – cv 4 – Scuola Primaria ""G. B. Perasso""";Scuola Primaria;DD G.B. Perasso;2;5;1;5;2013
Duca d'Aosta – Esedra, lato est (presso Via Vittor Pisani);Stazione ferroviaria e metropolitana;FS Centrale;2;5;5;25;15/05/2012
Duca d'Aosta – Esedra, lato ovest (presso Via Vittor Pisani);Stazione ferroviaria e metropolitana;FS Centrale;2;5;2;10;15/05/2012
Duca d'Aosta – Fronte Centrale FS, su piastra pedonale, lato est;Stazione ferroviaria e metropolitana;FS Centrale;2;2;16;32;2013
Duca d'Aosta – Fronte Centrale FS, su piastra pedonale, lato ovest;Stazione ferroviaria e metropolitana;FS Centrale;2;2;16;32;2013
Edolo, Via  – cv  19;Uffici e servizi pubblici;Uffici Comunali;2;5;2;10;21/07/2015
Filzi, Via – Presso sede del Consiglio Regionale;Uffici;;2;5;3;15;11/05/2015
Galvani, Via - cv 7 – Presso ingresso laterale da Via Filzi;Scuola Primaria;IC Galvani - Galvani;2;5;2;10;08/05/2015
Galvani, Via - Fronte distributore benzina;Palazzo Regione;;2;5;2;10;2013
Giacosa, Via – cv 44/46, presso Parco Trotter, Padiglione Tarra;Tempo per le famiglie;;2;5;2;10;06/05/2016
Gioia, Via – ang. via Muzio;Vari;;2;5;2;10;21/07/2015
Gioia, Via – Presso piazzetta accanto alla chiesa a Cascina dei Pomm;Chiesa;;2;5;4;20;15/11/2012
Gioia, Via – tra civ. 67 e civ. 69 - Su parterre di separazione tra controviale e carreggiata centrale;Vari;;2;5;1;5;21/07/2015
Governo Provvisorio, Piazza del – cv vari;CAM - Centro di Aggregazione Multifunzionale;;2;5;4;20;24/02/2016
Istria, Piazzale – cv 11 ;Scuola Secondaria di Primo Grado;Scuola Secondaria Tommaseo,;2;5;3;15;03/04/2015
Liscate, Via – cv 6 e 7;Vari;;2;6;2;12;28/06/2016
Loreto, Piazzale – Presso stazione;Stazione metropolitana;M1 Loreto;2;5;6;30;11/10/2012
Luigi di Savoia, Piazza – cv 2;Vari;;2;6;1;6;01/02/2011
Luigi di Savoia, Piazza – Presso ingresso stazione – Parterre grande di fronte all'ingresso pedonale laterale;Stazione ferroviaria e metropolitana;FS Centrale;2;11;5;55;01/02/2011
Luigi di Savoia, Piazza – Presso ingresso stazione – Parterre grande di fronte all'ingresso pedonale laterale;Stazione ferroviaria e metropolitana;FS Centrale;2;5;11;55;01/02/2011
Miramare , Via – cv 2;Casa delle Associazioni ;;2;5;2;10;07/05/2015
Monza, Viale –  civ. 191;Pubblico esercizio;Neg. Naturhouse vle Monza 191;2;5;2;10;07/05/2015
Monza, Viale – Presso ingressi stazione ;Stazione metropolitana;M1 Pasteur;2;5;3;15;11/05/2015
Monza, Viale – Presso stazione;Stazione metropolitana;M1 Loreto;2;5;3;15;29/01/2013
Monza, Viale – Presso stazione;Stazione metropolitana;M1 Rovereto;2;5;3;15;31/01/2013
Monza, Viale – Presso stazione;Stazione metropolitana;M1 Turro;2;5;3;15;07/02/2013
Monza, Viale – Presso stazione;Stazione metropolitana;M1 Gorla;2;5;8;40;04/02/2013
Monza, Viale – Presso stazione;Stazione metropolitana;M1 Precotto;2;5;4;20;11/05/2015
Monza, Viale – Presso stazione;Stazione metropolitana;M1 Precotto;2;5;2;10;07/02/2013
Monza, Viale – Presso stazione;Stazione metropolitana;M1 Villa San Giovanni;2;5;2;10;24/02/2013
Monza, Viale – Presso stazione ;Stazione metropolitana;M1 Pasteur;2;5;2;10;29/01/2013
Muzio Emanuele, Via – cv 5 ***** ASSESSORE;Scuola Primaria;;2;5;2;10;07/05/2015
Olgettina, Via – cv 65 – Presso ingresso dell'ospedale San Raffaele;Ospedale;San Raffaele;2;6;1;6;2013
Olgettina, Via – Fronte cv 65 – Presso fermata ATM fronte ingresso ospedale;Ospedale;San Raffaele;2;6;2;12;2013
Orione, Viale don Luigi – cv 19;Uffici e servizi pubblici - Biblioteca;Biblioteca Crescenzago;2;5;1;5;06/05/2016
Padova, Via – cv 118;Uffici e servizi pubblici - Anagrafe;;2;5;2;10;20/07/2015
Padova, Via – cv 175 (fronte opposto) – Angolo Via Don Orione;Uffici e servizi pubblici - ASL;;2;5;3;15;20/02/2016
Palmanova, Via – snc – Presso stazione M2 Cimiano;Stazione metropolitana;M2 Cimiano;2;5;1;5;20/02/2016
Pirelli, Via – cv 16;Vari;;2;6;2;12;28/06/2016
Porta Nuova, Corso – cv 52;Vari;;2;5;1;5;07/05/2015
Razza, Via – cv 4 – Presso angolo con Viale Tunisia;Vari;;2;6;2;12;08/05/2015
Repubblica, Piazza della – cv 27 – Presso angolo con Via Ferdinando di Savoia;Vari;;2;6;2;12;08/05/2015
Repubblica, Piazza della – cv 32 – Presso angolo con Viale Tunisia;Vari;;2;6;1;6;08/05/2015
Russo, Via – cv 27;Scuola Primaria;Scuola Russo;2;5;3;15;08/04/2015
San Mamete, Via – cv 11;Scuola Primaria;DD G.B. Perasso;2;5;3;15;09/04/2015
San Mamete, Via – cv 11 – Presso Scuola Primaria ;Scuola Primaria;DD G.B. Perasso;2;5;2;10;2013
Tenca, Via – cv 1 – Presso angolo con Viale Tunisia;Vari;;2;6;1;6;08/05/2015
Torcello, Via – Presso il sottopassaggio pedonale della stazione;Stazione ferroviaria;FS Greco Pirelli;2;5;2;10;20/07/2012
Transiti dei, Via – Presso l'incrocio con viale Monza;Stazione metropolitana;M1 Pasteur;2;5;5;25;28/11/2012
Tunisia, Viale – cv 30 – Presso angolo con Via Lazzaretto;Vari;;2;5;2;10;08/05/2015
Tunisia, Viale – cv 35 – Presso ingresso della piscina Cozzi;Piscina;Piscina Comunale - Milano Sport - Cozzi;2;5;5;25;09/11/2012
Tunisia, Viale – cv 37 – Presso angolo con Via Manuzio;Vari;;2;6;1;6;08/05/2015
Tunisia, Viale – cv 40 – Fronte Via Manuzio;Vari;;2;6;1;6;08/05/2015
Tunisia, Viale – cv 41 – Presso angolo con Via Franchetti;Vari;;2;6;1;6;08/05/2015
Vittor Pisani, Via – cv 13;Società;KPMG;2;5;1;5;11/05/2015
Vittor Pisani, Via – cv 1-3 – A fianco del muro delle scale di ingresso della metropolitana;Vari;;2;5;2;10;23/02/2016
Vittor Pisani, Via – cv 27-31;Società;KPMG;2;5;4;20;11/05/2015
Vittor Pisani, Via – Presso ingresso stazione – Lato Via Ferd. di Savoia;Stazione ferroviaria;FS Repubblica;2;8;2;16;01/02/2011
Vittor Pisani, Via – Presso ingresso stazione – Lato Viale Tunisia;Stazione ferroviaria;FS Repubblica;2;8;2;16;01/02/2011
Zara, Viale;Stazione metropolitana;M3 Zara – M5 Zara;2;5;6;30;20/07/2015
Zara, Viale – cv 96;Scuola Primaria;Scuola Primaria Arbe - Zara;2;5;3;15;21/07/2015
Abruzzi, Viale – Angolo Via Maiocchi - ang. Via Plinio                               ;Vari;;3;5;7;35;08/08/2016
Abruzzi, Viale – civ. 29;Vari;;3;5;1;5;08/08/2016
Argentina, Piazza – Presso ingressi della stazione – Aree su lato civici pari di B. Aires;Vari;;3;5;3;15;03/06/2015
Ascoli, Piazza;Vari;;3;5;4;20;12/05/2016
Bottini, Piazza – Fronte stazione FS;Stazione ferroviaria e metropolitana;FS Lambrate;3;5;9;45;02/08/2012
Bottini, Piazza – Tra Via Pacini e Via Valvassori Peroni;Stazione ferroviaria e metropolitana;FS Lambrate;3;5;3;15;02/08/2012
Bottini, Piazza – Tra Via Salieri e Via Pacini;Stazione ferroviaria e metropolitana;FS Lambrate;3;5;3;15;02/08/2012
Bottini, Piazza – Tra Via Valvassori Peroni e Via Viotti;Stazione ferroviaria e metropolitana;FS Lambrate;3;5;2;10;02/08/2012
Buenos Aires, Corso – cv 10;Stazione metropolitana;M1 Porta Venezia;3;5;2;10;05/06/2012
Buenos Aires, Corso – cv 11 – Ang. Via Casati;;;3;5;1;5;11/05/2013
Buenos Aires, Corso – cv 14 lato dx guardando il passo carraio;Vari;;3;5;1;5;05/06/2012
Buenos Aires, Corso – cv 2 – Ang. Piazza Oberdan;Stazione metropolitana;M1 Porta Venezia;3;5;2;10;11/05/2013
Buenos Aires, Corso – cv 22;;;3;5;2;10;11/05/2013
Buenos Aires, Corso – cv 3 – Ang. Via Castaldi;Stazione metropolitana;M1 Porta Venezia;3;5;1;5;11/05/2013
Buenos Aires, Corso – cv 33 - Teatro Puccini;Teatro;Puccini;3;5;2;10;15/10/2013
Buenos Aires, Corso – cv 50;Stazione metropolitana;M1 Lima;3;5;2;10;11/05/2013
Buenos Aires, Corso – cv 54 - Ang. Via Ponchielli;Vari;;3;5;1;5;05/06/2012
Buenos Aires, Corso – cv 55;;;3;5;1;5;11/05/2013
Buenos Aires, Corso – cv 60  - Lato sx guardando il passo carraio;Vari;;3;5;2;10;05/06/2012
Buenos Aires, Corso – cv 62;;;3;5;1;5;11/05/2013
Buenos Aires, Corso – cv 7 – Ang. Via Palazzi;Stazione metropolitana;M1 Porta Venezia;3;5;1;5;11/05/2013
Carnia, Via – Scuola dell'Infanzia;Scuola dell'Infanzia;;3;5;1;5;2013
Conte Rosso, Via – angolo Via Rimembranze di Lambrate;Vari;;3;5;2;10;25/05/2016
Corelli, Via – cv 28;CAM;;3;5;2;10;29/02/2016
Crescenzago, Via – cv 108;Scuola Secondaria di Secondo Grado;MOLINARI;3;5;3;15;23/03/2015
Crescenzago, Via – cv 47;Scuola dell'Infanzia;;3;5;2;10;09/11/2016
Eustachi, Via – cv 8;Pubblico esercizio;Enoteca;3;5;1;5;18/05/2015
Ferravilla,  Piazza – cv 2;Scuola dell'infanzia;Montessori;3;5;2;10;20/07/2016
Giustiniano, Viale ;Vari;;3;5;1;5;03/08/2016
Goldoni , Via – cv 68            Rossello;Scuola Primaria;Rossello;3;5;2;10;28/05/2015
Juvara, Via – cv 22;Uffici Pubblici;ARPA – Regione Lombardia;3;5;2;10;12/08/2016
Leonardo da Vinci, Piazza – Fronte Politecnico, lato Via Bonardi presso semaforo pedonale;Università;Politecnico;3;5;2;10;2013
Leonardo da Vinci, Piazza – Fronte Politecnico, presso civico 32;Università;Politecnico;3;5;2;10;2013
Leonardo da Vinci, Piazza – Presso la scuola;Scuola Primaria;Leonardo da Vinci;3;5;6;30;29/11/2012
Lombardia, Viale – cv 28;Esercizio commerciale;;3;5;2;10;14/11/2016
Maniago, Via – cv 30;Scuola Secondaria di Primo Grado;BUZZATI;3;5;3;15;22/03/2015
Melzo, Via – Fronte biblioteca;Uffici e servizi pubblici - Biblioteca;Biblioteca Venezia;3;5;2;10;03/06/2015
Mille, Viale dei – cv 27, 31, 33;Vari;;3;5;3;15;04/08/2016
Mille, Viale dei – cv 7;Vari;;3;5;2;10;04/08/2016
Monte Titano, Piazza – Ingresso laterale, presso parcheggio autobus (2 aree);Stazione ferroviaria;FS Lambrate;3;5;3;15;25/05/2016
Monteverdi, Via – Presso Piscina Bacone, angolo Via Piccinni;Piscina;Piscina Comunale - Milano Sport - Bacone;3;6;2;12;27/09/2011
Monteverdi, Via – Presso Piscina Bacone, angolo Via Piccinni;Piscina;Piscina Comunale - Milano Sport - Bacone;3;5;2;10;27/09/2011
Morgagni G.B., via - cv 10 (angolo con via Broggi) - Fronte fiorista;Esercizio commerciale;Bio c' Bon;3;5;1;5;25/05/2016
Morgagni, Via  (ang. Plinio) – cv 2 – Presso oratorio maschile ***** ASSESSORE;Vari;;3;5;1;5;20/09/2012
Otto Novembre 1917, Piazza – Presso ingressi della stazione;Stazione ferroviaria;FS Porta Venezia;3;6;6;36;14/05/2012
Ozanam, Via – Presso ingressi stazione;Stazione metropolitana;M1 Lima;3;5;1;5;11/05/2013
"Pascal, Via – cv 35 – Scuola Secondaria di Primo Grado ""A. B. Cairoli""";Scuola Secondaria di Primo Grado;CAIROLI;3;5;3;15;24/03/2015
"Pascal, Via – cv 35 – Scuola Secondaria di Primo Grado ""A. B. Cairoli""";Scuola Secondaria di Primo Grado;IC Scarpa;3;5;3;15;01/01/2013
Pecchio, Via – Presso Ingresso della stazione;Stazione metropolitana;M1 Loreto;3;5;3;15;18/10/2012
Pergolesi G.B. Via – Vicino all'angolo con Buenos Aires;Vari;;3;5;1;5;10/04/2013
Pini, Via – cv 1 – C/o Guardie Ecologiche Volontarie;Uffici e servizi pubblici;Guardie Ecologiche Volontarie;3;5;2;10;15/05/2015
Pini, Via – cv 1 – C/o scuola steineriana / AMAT;Vari;;3;5;1;5;28/07/2015
Pini, Via – cv 3 – Presso Scuola Primaria ;Scuola Primaria;E. Morante;3;5;1;5;2013
Pisacane, Via – cv 13 – Scuola secondaria Locatelli – Accesso da Piazza Fratelli Bandiera;Scuola Secondaria di Primo Grado;Locatelli;3;5;3;15;23/03/2015
Pusiano, Via – snc – Presso stazione M2 Cimiano;Stazione metropolitana;M2 Cimiano;3;5;1;5;19/07/2016
Reni, Via – cv 11 – Presso Scuola dell'Infanzia;Scuola dell'Infanzia;Reni 11;3;6;1;6;01/06/2015
Rio de Janeiro, Largo - cv  1-3-5-7;Vari;;3;5;4;20;16/04/2016
Romagna, Viale – cv 16;Scuola Primaria;IC Viale Romagna – Plesso Nolli-Arquati;3;6;4;24;10/04/2015
Romagna, Viale – cv 16-18;Scuola Primaria;IC Viale Romagna – Plesso Nolli-Arquati;3;6;1;6;08/07/2014
Romagna, Viale – cv 18;Scuola Primaria;IC Viale Romagna – Plesso Nolli-Arquati;3;6;2;12;10/04/2015
Romagna, Viale – cv 2;Vari;;3;5;2;10;02/05/2016
Romagna, Viale – cv 2;Vari;;3;5;1;5;16/08/2016
Romagna, Viale – cv 25;Vari;;3;5;1;5;16/04/2016
Romagna, Viale – cv 37;Vari;;3;5;1;5;16/04/2016
Romagna, Viale – cv 61;Vari;;3;6;1;6;10/04/2015
Romagna, Viale – cv 62;Casa dello studente;Politecnico di Milano;3;6;5;30;10/04/2015
Romagna, Viale – cv 64 angolo Piazza Leonardo da Vinci;Scuola Primaria;Leonardo da Vinci;3;6;1;6;10/04/2015
Romagna, Viale – cv 71;Vari;;3;6;1;6;10/04/2015
Romagna, Viale – cv 74;Vari;;3;6;1;6;10/04/2015
Sansovino, Via – cv 9 – Presso Consiglio di Zona 3 - Anagrafe - Ecc;Uffici e servizi pubblici - CdZ 3 - Anagrafe;;3;5;1;5;2013
Santa Francesca Romana, Piazza – Presso ingresso del Passante;Stazione ferroviaria;FS Porta Venezia;3;11;1;11;27/09/2011
Santa Francesca Romana, Piazza – Presso ingresso del Passante;Stazione ferroviaria;FS Porta Venezia;3;10;1;10;27/09/2011
Santa Francesca Romana, Piazza – Presso ingresso del Passante;Stazione ferroviaria;FS Porta Venezia;3;5;1;5;27/09/2011
Settala, Via – cv 10 – Presso angolo con Viale Tunisia;Vari;;3;6;1;6;08/05/2015
Settala, Via – cv 8 – Presso angolo con Viale Tunisia;Vari;;3;6;1;6;08/05/2015
Tadino, Via – cv 13 – Presso angolo con Viale Tunisia;Vari;;3;6;1;6;08/05/2015
Tajani, Via – cv 12 – Presso scuola d'infanzia Tajani e scuola primaria Bonetti;Scuola Primaria;IC Viale Romagna - Plesso Bonetti e Scuola dell'infanzia;3;6;3;18;01/02/2011
Teodosio, Via – cv 46;Pubblico esercizio;Erbolario;3;5;1;5;20/07/2016
Valvassori Peroni, Via – cv 56 – Presso Biblioteca Valvassori Peroni;Uffici e servizi pubblici - Biblioteca;Biblioteca Valvassori Peroni;3;5;2;10;2013
Venezian, Via – cv 1;Ospedale;Istituto Nazionale dei Tumori;3;5;3;15;28/07/2015
Vittorio Veneto, Viale – cv 2 – Presso Spazio Oberdan;Spazio Oberdan;;3;6;2;12;04/10/2011
Apulejo, Via – cv 6 (Viale Campania) –  Presso ingresso Liceo Donatelli-Pascal;Scuola Secondaria di Secondo Grado;;4;5;1;5;22/07/2015
Aquila, Via – cv. 81 – Presso Parco canile rifugio;Uffici e servizi pubblici - Canile e gattile;Parco Canile Rifugio;4;6;1;6;16/02/2015
Bacchiglione, Viale;Stazione metropolitana;M3 Brenta;4;5;3;15;05/05/2016
Campania, Viale – cv  12 – Presso Museo del Fumetto ***** ASSESSORE;Museo;Museo del Fumetto;4;5;2;10;15/03/2013
Carbonera, Via –  cv 8 e cv 4a;Residenze;;4;5;4;20;22/07/2015
Carbonera, Via – Presso ingresso est (Mugello) della stazione;Stazione ferroviaria;FS Porta Vittoria;4;5;4;20;30/06/2012
Cassinis, Via – Presso ingresso ovest della stazione;Stazione ferroviaria e metropolitana;FS Rogoredo;4;5;7;35;16/07/2012
Colletta, Via – cv 49;Scuola Primaria;Ottolini - Belgiojoso;4;5;2;10;28/04/2015
Corvetto, Piazzale – Presso ingressi stazione e UPIM;Stazione metropolitana;M3 Corvetto - Grande magazzino;4;5;2;10;2014
Cova, Via – cv 1 – Presso scuola d'infanzia;Scuola dell'Infanzia;Cova 1 – UE 24;4;5;1;5;05/05/2016
Dateo, Piazzale – Presso ingresso ovest della stazione;Stazione ferroviaria;FS Dateo;4;5;3;15;03/04/2012
Devoto, Via – cv 7 – Presso scuola d'infanzia;Scuola dell'Infanzia;Devoto 7 – UE 24;4;5;1;5;05/05/2016
hyfuèr;Scuola dell'Infanzia;;4;5;1;5;2013
Lodi, Corso – cv 1  e cv 2 – Presso stazione (solo stalli singoli dell'ordinananza);Stazione metropolitana;M3 Porta Romana;4;5;3;15;07/11/2012
Lodi, Corso – cv 132 – Presso ingressi stazione;Stazione metropolitana;M3 Corvetto;4;5;1;5;2014
Lodi, Corso – cv 51 – Presso ingressi stazione ferroviaria;Stazione ferroviaria;FS Porta Romana;4;5;3;15;22/07/2015
Lodi, Corso – cv 9 e cv 6-12  e fronte opposto cv 15-17 (su lato civici pari);Stazione metropolitana;M3 Porta Romana;4;5;4;20;22/07/2015
Lucania, Viale – Presso ingressi stazione;Stazione metropolitana;M3 Corvetto;4;5;2;10;23/07/2015
Maestri Campionesi, Via – cv 14 – Presso nido d'infanzia;Nido d'Infanzia;Maestri Campionesi – UE 24;4;5;1;5;12/05/2016
"Martinengo, Via – cv 36 – Presso scuola primaria ""Renzo Pezzani""";Scuola Primaria;IC Renzo Pezzani;4;5;2;10;2013
Medaglie d'Oro, Piazza – cv 3 – Imbocco Via Muratori;Stazione metropolitana;M3 Porta Romana;4;5;5;25;14/11/2012
Meleri, Via – cv 12 e cv 14;Scuola Primaria - Scuola dell'Infanzia;;4;5;4;20;12/05/2016
Mincio, Via – cv 21;Scuola Secondaria di Primo Grado;Scuola Secondaria Marcello Candia;4;5;3;15;24/05/2016
Mincio, Via – cv 23;PMZ - Polo Multifunzionale di Zona;Polo Ferrara;4;5;2;10;24/05/2016
"Mincio, Via – cv 23 – CAM Centro di Aggregazione Multifunzionale ""Polo Ferrara""";CAM - Centro di Aggregazione Multifunzionale;CAM Polo Ferrara;4;5;1;5;2013
Molise, Viale – Presso ingressi stazione vicini a fermata 90-91;Stazione ferroviaria;FS Porta Vittoria;4;5;10;50;01/06/2012
Monte Nero, Via - cv 74 - Angolo con Via Anfossi 2 (ingresso su via Monte Nero 74);Esercizio commerciale;Bio c' Bon;4;5;1;5;06/05/2016
"Monte Piana, Via – cv 11 – Presso Scuola Primaria ""Pasquale Sottocorno""";Scuola Primaria;ICS Pasquale Sottocorno;4;5;2;10;2013
"Monte Popera, Via – cv 12 – Presso Scuola Secondaria di Primo Grado ""Pasquale Sottocorno""";Scuola Secondaria di Primo Grado;ICS Pasquale Sottocorno;4;5;1;5;2013
Monte Velino, Via – cv 2 e 4;Scuola Primaria e Secondaria;IC Tommaso Grossi;4;5;2;10;28/04/2015
NVPR, Via – Collegamento  Via Carbonera / Viale Molise;Stazione ferroviaria;FS Porta Vittoria;4;5;4;20;14/11/2012
Oglio, Via – cv 18 – Presso il giardino del centro civico;Parco - Area Verde;Giardino del centro civico;4;5;2;10;2013
Oglio, Via – cv 20;Scuola Primaria;Scuola Primaria Pezzani;4;5;3;15;12/05/2016
Oglio, Via – cv 23;Scuola dell'Infanzia;Scuola dell'Infanzia;4;5;2;10;2013
Oglio, Via – cv 25;Scuola dell'Infanzia;;4;5;2;10;2013
Ongaro, Via dall' – Presso cv n° – Angolo Via Reina;Vari;;4;5;2;10;23/07/2015
Piceno, Viale – fronte cv 27;Stazione ferroviaria;FS Dateo;4;5;1;5;2013
Plebisciti, Corso – Presso ingresso est della stazione;Stazione ferroviaria;FS Dateo;4;5;3;15;03/04/2012
"Puglie, Viale – cv 4 – Scuola primaria ""Renzo Pezzani""";Scuola Primaria;IC Renzo Pezzani;4;5;2;10;2013
Rogoredo, Via – Presso ingresso est della stazione;Stazione ferroviaria e metropolitana;FS Rogoredo;4;5;6;30;13/07/2012
Sannio, Via – snc – Presso scale di accesso alla stazione ferroviaria;Stazione ferroviaria;FS Porta Romana;4;5;2;10;25/05/2016
Abbiategrasso, Piazza – Presso ingresso sud est stazione;Stazione metropolitana;M2 Abbiategrasso;5;5;3;15;13/03/2013
Anello, Parco – Presso Via dei Missaglia, presso area pavimentata;Parco;;5;5;1;5;26/05/2015
Antonini, Via – cv 50;Scuola primaria;Istituto Comprensivo Statale Elsa Morante;5;5;2;10;18/02/2016
Arcadia, Via dell' – cv 22 – Scuola primaria;Scuola Primaria;ICS Arcadia;5;5;2;10;23/07/2015
Arcadia, Via dell' – cv 24 – Scuola secondaria di primo grado;Scuola Secondaria di Primo Grado;ICS Arcadia;5;5;3;15;23/07/2015
Banfi, Via – cv 10 – Presso campo da basket del parco Basmetto;Parco;Basmetto - Campo da basket;5;5;1;5;22/03/2016
Banfi, Via – cv 2 – Presso campi giochi del Parco Basmetto;Parco;Basmetto - Area giochi;5;5;1;5;22/03/2016
Bazzi Carlo, Via – cv 18 – Presso Liceo Agnesi (Scienze Umane);Scuola Secondaria di Secondo Grado;Agnesi;5;5;4;20;23/11/2015
"Bocconi, Via – cv 17 – Scuola Primaria ""Barozzi""";Scuola Primaria;ICS Barozzi ;5;5;2;10;2013
Boifava, Via – cv 52;Scuola secondaria di primo grado;Pertini – Istituto Comprensivo Statale di Via Palmieri;5;5;3;15;18/02/2016
Brunacci, Via – cv 2/4;Scuola Primaria;;5;5;1;5;02/12/2015
Brunacci, Via – cv 2/4;Scuola primaria;Via Brunacci – Istituto Comprensivo Thouar-Gonzaga;5;5;3;15;28/11/2015
Brunacci, Via – cv 8;Scuola dell'infanzia;;5;5;1;5;25/07/2015
Calabiana, Via – Presso i campi gioco dell'area verde;Parco;Calabiana;5;5;1;5;23/03/2016
Campazzino, Via – Presso campi gioco del Parco Campazzino / Comisso;Parco;Campazzino / Comisso;5;5;2;10;04/05/2016
Chopin, Via – snc – Presso parco giochi;Parco;Val di Sole;5;5;1;5;23/03/2016
Col Moschin, Via – Ang. Col di Lana **** PL Schiavulli;Vari;;5;5;3;15;30/11/2015
Cuore immacolato di Maria, Via – cv 5;Oratorio;;5;5;1;5;30/11/2015
Donna Prassede, Via – Presso fontana/areagiochi Parco Donna Prassede;Parco;Donna Prassede;5;5;1;5;04/05/2016
Feraboli, via – cv 44 – Scuola Primaria;Scuola primaria;ICS Arcadia;5;5;3;15;24/07/2015
Fra' Cristoforo, Via – cv 10 (L.go Promessi Sposi);Vari;;5;5;5;25;24/07/2015
Fra' Cristoforo, Via – cv 6 – Presso biblioteca Fra' Cristoforo;Uffici e servizi pubblici - Biblioteca;Biblioteca Fra' Cristoforo;5;5;3;15;03/06/2016
Gallura, Via – cv 8;Centro sportivo;Forza e coraggio;5;5;4;20;15/02/2016
Gentilino, Via – cv 10-14;Scuola Primaria;Piolti de' Bianchi – Gaspara Stampa;5;5;6;30;13/05/2016
"Giambologna, Via – cv 30 – Scuola dell'Infanzia ""Giambologna""";Scuola dell'Infanzia;ICS Barozzi – Scuola Giambologna;5;5;3;15;2013
Giambologna, Via – Presso Parco della Resistenza (c/o campi di basket) - Ex Baravalle;Parco;Resistenza (ex Baravalle);5;5;2;10;23/03/2016
Guarneri, Via – cv 19;Nido e scuola dell'infanzia;Guarneri;5;5;3;15;19/02/2016
Guarneri, Via – cv 21;Scuola secondaria di primo grado;Toscanini – Istituto Comprensivo Statale Fabio Filzi;5;5;3;15;19/02/2016
Lodi, Corso – cv 2 – Presso stazione (solo area rettangolare lunga presso ascensore);Stazione metropolitana;M3 Porta Romana;5;5;3;15;31/07/2015
Lodi, Corso – Fronte cv 15-17 (collocazione su lato civici pari);Stazione metropolitana;M3 Porta Romana;5;5;1;5;22/07/2015
Lodi, Piazzale – Presso ingressi stazione lato nord Isonzo;Stazione metropolitana;M3 Lodi TIBB;5;5;6;30;2013
Madonna di Fatima, Piazzale – cv 1;Oratorio;Madonna di Fatima;5;5;1;5;2013
Missaglia dei, Via – Presso ingressi stazione - Lato ovest;Stazione metropolitana;M2 Abbiategrasso;5;5;1;5;12/03/2015
Naviglio Pavese, Alzaia – Presso campo di basket e fontana/areagiochi Parco Donna Prassede;Parco;Donna Prassede;5;5;1;5;04/05/2016
Ortles, Viale – cv 69 (Casa dell'accoglienza Enzo Jannacci);Uffici e servizi pubblici - Dormitorio;Casa dell'Accoglienza Enzo Jannacci;5;5;2;10;25/05/2016
Palmieri, Via – cv 24;Scuola primaria;Battisti – Istituto Comprensivo Statale di Via Palmieri;5;5;1;5;23/03/2016
Pescarenico, Via – cv 1;Scuola dell'infanzia;Pescarenico 1;5;5;1;5;27/07/2015
Pescarenico, Via – cv 2            ;Scuola Secondaria di Primo Grado;IC G. Capponi – A. Gemelli;5;5;3;15;28/04/2015
Pescarenico, Via – cv 6;Scuola Primaria;D. Moro;5;5;3;15;24/11/2015
"Romano Giulio, Via – cv 2 – Scuola primaria ""Giulio Romano""";Scuola Primaria;ICS Barozzi – Scuola Giulio Romano;5;5;1;5;2013
San Domenico Savio, Via – Presso il Parco Chiesa Rossa (casa acqua, campo basket, biblioteca);Parco;Chiesa Rossa;5;5;2;10;22/03/2016
San Domenico Savio, Via – Presso la Biblioteca Chiesa Rossa;Uffici e servizi pubblici - Biblioteca;Biblioteca Chiesa Rossa;5;5;1;5;22/03/2016
San Giacomo, Via – cv 1;Scuola primaria;Peroni – Istituto Comprensivo Statale di Via Palmieri;5;5;2;10;09/11/2016
Sant'Abbondio, Via – cv 12;Piscina;Sant'Abbondio;5;5;4;20;16/02/2016
Sanvenero Rosselli, Via / Selvanesco, Via – Presso campi gioco del Parco Terrazze Montagnetta;Parco;Terrazze Montagnetta (?);5;5;1;5;04/05/2016
Saponaro, Via – 22 – Presso Skatepark e area giochi;Parco;Skatepark;5;5;1;5;29/03/2016
Saponaro, Via – cv 36/A;Scuola Primaria;Scuola Baroni 73 – ICS Arcadia;5;5;2;10;24/07/2015
Solaroli, Via – cv 9 – Angolo Piazza Chiaradia;Scuola dell'Infanzia;;5;5;1;5;30/11/2015
Tabacchi, Via – cv 15/A – C/o scuola secondaria ;Scuola secondaria di primo grado;Via Tabacchi – Istituto Comprensivo Thouar-Gonzaga;5;5;3;15;30/11/2015
Toscana, Viale – cv 31;Pubblico esercizio;Santeria Social Club;5;5;4;20;10/08/2016
Verro, Via – cv 87 – Presso CAM Verro;CAM – Centro di Aggregazione Multifunzionale;Verro;5;5;1;5;22/03/2016
Verro, Via – Presso area giochi;Parco;Verro;5;5;1;5;04/05/2016
"Vittadini, Via – cv 10 – Scuola Secondaria di primo Grado ""Confalonieri""";Scuola Secondaria di Primo Grado;ICS Barozzi – Confalonieri;5;5;2;10;2013
Volvinio, Via;Vari;;5;5;1;5;23/07/2015
Wolf Ferrari, Via – cv 6;Scuola primaria;Wolf Ferrari – Istituto Comprensivo Statale Fabio Filzi;5;5;3;15;22/02/2016
Allodola, Via dell' – cv 5;Oratorio - Polisportiva;Oratorio Assisi - Polisportiva Assisi;6;2;4;8;2013
Allodola, Via dell' – cv 5;Oratorio - Polisportiva;Oratorio Assisi - Polisportiva Assisi;6;2;2;4;2014
"Anemoni, Via degli – cv 10 – Presso Scuola Secondaria di Primo Grado ""Anemoni""";Scuola Secondaria di Primo Grado;IC Narcisi;6;5;1;5;2013
Anemoni, Via degli – cv 8 – Presso il centro sportivo;Centro Sportivo;;6;5;1;5;2013
"Anemoni, Via degli – cv 8 – Presso Primaria ""Anemoni""";Scuola Primaria;IC Narcisi;6;5;1;5;2013
Argelati, Via – cv 25 – Nido d'Infanzia;Nido d'Infanzia;;6;6;1;6;28/07/2014
Ascari A., Largo – ;Stazione metropolitana;M2 Romolo;6;5;2;10;30/10/2015
Balsamo Crivelli, Via – cv 3 – Scuola Tre Castelli;Scuola Primaria e Secondaria;ILARIA ALPI - 3 CASTELLI;6;5;3;15;31/03/2015
Bande Nere, Piazza  – Presso ingressi stazione;Stazione metropolitana;M1 Bande Nere;6;5;2;10;30/10/2015
"Barona, Via – cv 70 – Scuola Primaria ""Ferraris""";Scuola Primaria;IC Sant'Ambrogio;6;5;1;5;2013
Bazzi, Piazza Giovanni Antonio - Angolo Via California;Vari;;6;5;1;5;11/11/2016
Bazzi, Piazza Giovanni Antonio - Fronte cv 2 ;Vari;;6;5;2;10;01/06/2015
Berlinguer, Piazza – NVPR tra Via Savona e Via Tolstoj;Vari;;6;5;5;25;21/05/2012
Bisceglie – Parcheggio ATM;Stazione metropolitana;M1 Bisceglie;6;5;3;15;29/08/2012
Cola di Rienzo, Via - cv 12;Vari;;6;5;2;10;01/06/2015
Cola di Rienzo, Via - Fronte cv 45;Vari;;6;5;1;5;01/06/2015
Cola di Rienzo, Via - Fronte cv 46;Vari;;6;5;2;10;01/06/2015
"Crollalanza, Via dei – cv 15 – Scuola dell'Infanzia ""Via dei Crollalanza""";Scuola dell'Infanzia;;6;5;2;10;2013
Famagosta, Viale – Presso ingressi stazione;Stazione metropolitana;M2 Famagosta;6;5;3;15;29/10/2015
Feltrinelli, Via – cv 16 – Presso case popolari;Residenze;Case popolari storiche;6;5;2;10;16/05/2016
"Foppette, Via delle – cv 1 – Scuola Primaria ""Foppette""";Scuola Primaria;;6;5;1;5;2013
Fusetti, Via – cv 12;Uffici e servizi pubblici - Consiglio Regionale;;6;5;2;10;20/07/2012
Kuliscioff, Via  – cv 33 e cv 35 ***** ASSESSORE;Vari;;6;5;6;30;06/05/2015
Legioni Romane, Via –  Primaticcio, Via;Stazione metropolitana;M1 Primaticcio;6;5;1;5;30/10/2015
Legioni Romane, Via –  Primaticcio, Via;Stazione metropolitana;M1 Primaticcio;6;5;2;10;09/08/2016
Liguria, Viale – uscite MM  Romolo;Stazione metropolitana;M2 Romolo;6;5;2;10;30/10/2015
Loria, Via – cv 37;Scuola Secondaria di Primo Grado;CARLO PORTA;6;5;3;15;26/03/2015
Martini Simone, Via – cv 10/1 – Scuola dell'Infanzia;Scuola dell'Infanzia;;6;5;1;5;2013
Martini Simone, Via – cv 10/2 – Presso Nido d'Infanzia;Scuola dell'infanzia;Martini 10/2;6;5;1;5;05/05/2016
"Montevideo, Via – cv 20 – Piscina di Milano Sport ""Solari""";Piscina;Piscina Comunale - Milano Sport - Solari;6;5;6;30;06/11/2015
"Narcisi, Via dei – cv 1 – Presso Scuola dell'Infanzia ""Narcisi""";Scuola dell'Infanzia;IC Narcisi;6;5;2;10;2013
"Narcisi, Via dei – cv 2 – Presso Scuola Primaria ""Narcisi""";Scuola Secondaria di Primo Grado;IC Narcisi;6;5;1;5;2013
Nuvolari Tazio, Largo;Stazione metropolitana;M2 Romolo;6;5;3;15;04/11/2015
Pestalozzi, Via – cv 13;Scuola Primaria;Scuola Capponi;6;5;3;15;26/03/2015
Romolo – Parcheggio ATM;Parcheggio ATM presso Metro;;6;5;3;15;22/08/2012
Salerno, Via – cv 1 e 3;Scuola Primaria e Secondaria;ILARIA ALPI - SALERNO;6;5;3;15;01/04/2015
San Colombano, Via – cv 8;Scuola Primaria e Secondaria;;6;5;2;10;15/04/2015
San Colombano, Via – cv 8/A;Scuola Primaria e Secondaria;;6;5;1;5;15/04/2015
Savona, Via – cv 30 – Presso Scuola dell'Infanzia;Scuola dell'infanzia;Savona 30;6;5;2;10;05/05/2016
Scrosati, Via – cv 3 – Scuola Primaria;Scuola Primaria;ICS Leone Tolstoj;6;5;1;5;2013
Solari, Via – cv 22 – Presso oratorio maschile;Oratorio;;6;5;2;10;06/11/2015
Solari, Via – cv 40 – Presso case popolari;Residenze;Case popolari storiche;6;5;2;10;16/05/2016
Stendhal, Via – cv 27 ang. Via Savona cv 61 (ingresso ad angolo con via Stendhal);Esercizio commerciale;Bio c' Bon;6;5;2;10;11/11/2016
Stendhal, Via - cv 57;Vari;;6;5;2;10;11/11/2016
Tolstoj Leone, Via – cv 17    ***** ASSESSORE;Farmacia;;6;5;1;5;06/05/2015
"Tosi Malaga, Via – cv 21 – Scuola Secondaria di Primo Grado ""Gramsci""";Scuola Secondaria di Primo Grado;;6;5;1;5;2013
Vespri Siciliani, Via – Presso ingresso della scuola;Scuola Primaria;;6;5;2;10;29/10/2015
Watt, Via – cv 39 – Presso Scuola dell'Infanzia;Scuola dell'infanzia;Watt 39;6;5;1;5;06/05/2016
Zuara, Via – cv 7/9 – Scuola Primaria;Scuola Primaria;ICS Leone Tolstoj;6;5;1;5;2013
Zurigo, Via;Stazione metropolitana;M1 Inganni;6;5;2;10;04/11/2015
"Airaghi, Via – cv 40 – Scuola dell'Infanzia ""Via Airaghi""";Scuola dell'Infanzia;IC L. Manara;7;5;1;5;2013
"Airaghi, Via – cv 42 – Scuola Primaria ""Carlo Poma""";Scuola Primaria;"IC L. Manara - Scuola ""Carlo Poma""";7;5;1;5;2013
Anselmo da Baggio, Via – cv 54;Uffici e servizi pubblici - Servizi sociali;;7;5;2;10;30/11/2015
Anselmo da Baggio, Via – cv 55;Uffici e servizi pubblici - CdZ 7 - Comando PL zona 7;;7;5;2;10;24/02/2015
Anselmo da Baggio, Via – cv 56;Nido e scuola dell'infanzia;;7;5;1;5;24/11/2015
"Arioli Venegoni, Via – cv 9 – Piscina di Milano Sport ""Arioli Venegoni""";Piscina;Piscina Comunale - Milano Sport - Arioli Venegoni;7;5;1;5;24/02/2015
Betulle, Via delle – cv 10;Ufficio Postale;;7;5;2;10;24/02/2015
Betulle, Via delle – cv 15;Nido d'Infanzia;Betulle 15;7;5;1;5;31/03/2015
Betulle, Via delle – cv 17;Scuola Secondaria di Primo Grado;Olmi;7;5;2;10;24/02/2015
Betulle, Via delle – cv 39;CAM - Centro di Aggregazione Multifunzionale;;7;5;3;15;24/02/2015
Brescia, Piazzale – Presso Istituto Auxologico;Ospedale;Istituto Auxologico;7;5;3;15;17/05/2013
Buonarroti, Via – Ang. Wagner-Marghera – Presso ingressi stazione;Stazione metropolitana;M1 Buonarroti;7;5;4;20;24/11/2015
Cabella, Via –  cv 42;Scuola dell'Infanzia;;7;5;1;5;31/03/2015
Cabella, Via – cv 18 – Oratorio di Sant'Apollinare;Oratorio;;7;5;2;10;30/11/2015
"Caio Mario, Via – cv 18 – Centro Socio Ricreativo ""Carlo Poma""";Centro Socio Ricreativo;CSR Carlo Poma;7;5;2;10;2013
Caldera, Via – cv 126 Fronte cv 115 – Presso Ufficio Postale;Ufficio Postale;;7;5;1;5;24/02/2015
"Caterina da Forlì, Viale – cv 14 – Scuola dell'Infanzia ""Viale Caterina da Forlì""";Scuola dell'Infanzia;;7;5;2;10;2013
Ceriani, Via – cv 3;Chiesa;;7;5;1;5;24/11/2015
Cherubini, Via – Fronte civici 8 e 3 – Su parterre centrale;Vari;;7;5;2;10;17/08/2016
Colonna, Via – cv 42;Scuola Secondaria di Primo Grado;Monteverdi – IC Novaro Ferrucci;7;5;3;15;10/04/2015
"Constant, Via – cv 19 – Scuola Secondaria di Primo Grado ""Benedetto Marcello""";Scuola Secondaria di Primo Grado;"IC L. Manara - Scuola ""Benedetto Marcello""";7;5;1;5;2013
"Crimea, Via – cv 20 – Scuola Secondaria di Primo Grado ""De Marchi Junior - Gulli """;Scuola Secondaria di Primo Grado;IC Francesca Saverio Cabrini - Scuola De Marchi Junior - Gulli;7;5;2;10;2013
De Sica, Via – cv 14 – Presso U. S. Quinto Romano scuola calcio;Centro Sportivo;U.S. Quinto Romano;7;5;1;5;24/02/2015
"De Vincenti, Via – cv 11 – ITIS Istituto Tecnico Industriale Statale ""Ettore Conti""";Scuola Secondaria di Secondo Grado;ITIS Conti;7;5;6;30;2013
Dolci, Via – cv 5;Scuola Primaria;IC Cadorna;7;5;3;15;09/04/2015
Don Gnocchi, Via – cv 25 – Presso Scuola Primaria ;Scuola Primaria;DD G.B. Perasso - C. Calasanzio;7;5;2;10;23/02/2016
Fleming, Via – cv 15;Centro Formazione;;7;5;1;5;24/02/2015
"Forze Armate, Via delle – cv 279 – Scuola Primaria ""Ercole Ferrario""";Scuola Primaria;Ercole Ferrario;7;5;2;10;24/02/2015
Forze Armate, Via delle – cv 318 – CAM;CAM - Centro di Aggregazione Multifunzionale;;7;5;1;5;31/03/2015
Gambara, Piazza – Presso ingressi stazione;Stazione metropolitana;M1 Gambara;7;5;7;35;14/12/2015
Gozzoli, Via – cv 51 ang. Via Bagarotti – Presso Ufficio Postale;Ufficio Postale;;7;5;2;10;24/02/2015
Lamennais, Via – cv 20;Scuola Primaria;;7;5;2;10;24/02/2015
"Lamennais, Via – cv 20 –  Piscina di Milano Sport ""Quarto Cagnino""";Piscina;Piscina Comunale - Milano Sport - Quarto Cagnino;7;5;2;10;24/02/2015
Lamennais, Via – cv 21;Nido d'Infanzia;Lamennais;7;5;1;5;14/12/2015
Lamennais, Via – cv 5 – Via Constant cv 19;Scuola Secondaria di Primo Grado;;7;5;2;10;24/02/2015
Lotto, Piazzale – Presso Gavirate, Via ed Elia, Via;Uffici;Volkswagen Financial Services;7;5;2;10;10/12/2015
Lucca, Via – Presso ingressi stazione;Stazione metropolitana;M1 Bisceglie;7;5;4;20;27/04/2012
Masaniello, Via – cv 23;Uffici e servizi pubblici - ASL;;7;5;2;10;24/02/2015
Massaua, Via – cv 13 – Nido d'Infanzia;Nido d'Infanzia;;7;5;1;5;2013
"Massaua, Via – cv 15 – Scuola dell'Infanzia ""Via Massaua""";Scuola dell'Infanzia;;7;5;1;5;2013
"Mauri, Via – cv 10 – Scuola Secondaria di Primo Grado ""Mauri""";Scuola Secondaria di Primo Grado;IC Pascoli;7;5;3;15;2013
Milesi, Via – cv 2 – Scuola dell'Infanzia Milesi + Giardino su lato opposto con giochi per bambini;Scuola dell'Infanzia;;7;5;2;10;24/11/2015
"Milesi, Via – cv 4 – Sc. Sec. 1° "" IQBAL MASIH""";Scuola Secondaria di Primo Grado;;7;5;2;10;24/02/2015
Monte Rosa, Via – Sul fianco della scala di accesso alla stazione M1 Buonarroti;Stazione metropolitana;M1 Buonarroti;7;5;2;10;24/11/2015
Mosca, Via – snc – Davanti alla chiesa Santa Marcellina presso Largo Don Saturnino;Chiesa;;7;5;1;5;24/02/2015
Muggiano, Via – cv 14 – Scuola Elementare Nicolò Tommaseo;Scuola Primaria;;7;5;2;10;24/02/2015
Olivieri, Via – cv 15 – Centro Kennedy – All'esterno, vicino all'ingresso;Centro Sportivo;;7;5;2;10;24/02/2015
Olivieri, Via – cv 15 – Centro Kennedy – All'interno del centro sportivo;Centro Sportivo;;7;5;2;10;24/02/2015
Osteno, Via – cv 2 – Centro anziani;Centro Anziani;;7;5;2;10;24/02/2015
Parri, Via – Banchina Bus – Area 1;Stazione metropolitana;M1 Bisceglie;7;5;2;10;27/04/2012
Parri, Via – Banchina Bus – Area 2;Stazione metropolitana;M1 Bisceglie;7;5;1;5;27/04/2012
Piemonte, Piazza ;Vari;;7;5;6;30;04/12/2015
Pio II, Via – cv 1  – Presso Ospedale San Carlo;Ospedale;San Carlo;7;5;3;15;24/02/2015
Pistoia, Via – cv 10 –  Biblioteca;Uffici e servizi pubblici - Biblioteca;Biblioteca Baggio;7;5;2;10;24/02/2015
Pistoia, Via – cv 30 –  Scuola secondaria di primo grado Primo Levi;Scuola Secondaria di Primo Grado;;7;5;1;5;24/02/2015
Pompeo Marchesi, Via – cv 60/62;Nido d'Infanzia;Pompeo Marchesi;7;5;2;10;27/11/2015
Rasori, Via – cv 19 - Presso Istituto Comprensivo Pascoli;Scuola primaria;IC Pascoli;7;5;4;20;02/12/2015
Ravizza, Via – cv 4 e 6;Vari;;7;5;3;15;14/11/2016
Romero, Via – Presso il Cimitero di Baggio;Cimitero;Baggio;7;5;2;10;15/11/2016
Roncaglia, Via – cv 12 – Zona Magenta;Vari;;7;5;2;10;19/12/2015
Sacco, Via – cv 14;Uffici e servizi pubblici - Biblioteca;Biblioteca Sicilia;7;5;2;10;16/12/2015
Salici dei, Via – cv 2 – Scuola primaria Bruno Munari;Scuola Primaria;;7;5;2;10;24/02/2015
San Giusto, Via – cv 65 – Civica Scuola Primaria di Educazione allo Sport e alla Musica;Scuola Primaria;Turconi;7;5;3;15;31/03/2015
Sant'Apollinare, Via – Presso ingresso mercato rionale;Mercato comunale;;7;5;2;10;24/02/2015
Sanzio, Via – cv 5 –  Scuola primaria – ASL;Scuola primaria;;7;5;2;10;03/12/2015
Sicilia, Piazza – cv 2– Scuola Primaria;Scuola Primaria;Novaro Ferrucci;7;5;3;15;09/08/2016
Soresina, Via – Angolo con Via Cantoni Giovanni fronte cv 7;Società per formazione;;7;5;2;10;15/11/2016
Ulivi, Via degli – cv 2;Centro Sportivo;AICS Olmi - Circolo ARCI;7;5;2;10;24/02/2015
Ulivi, Via degli – cv 6 – IPIA R.Luxemburg – Istituto Professionale;Scuola Secondaria di Secondo Grado;;7;5;2;10;02/12/2015
Ulivi, Via degli – cv 8 – Presso AICS OLMI, Centro Sportivo Sandro Pertini;Centro sportivo;AICS OLMI;7;5;4;20;03/12/2015
Val d'Intelvi, Via – cv 11 – Presso ingresso della scuola;Scuola Primaria;;7;5;2;10;24/02/2015
Valdagno, Via – cv 10;Scuola dell'Infanzia;;7;5;2;10;26/11/2015
Valdagno, Via – cv 8;Scuola Primaria;;7;5;2;10;24/02/2015
Valsesia, Via – cv 54 – Scuola dell'Infanzia Valsesia;Nido d'Infanzia;;7;5;2;10;27/11/2015
Viterbo, Via – cv 43;Scuola dell'Infanzia;;7;5;1;5;30/11/2015
Viterbo, Via – cv 7;Scuola dell'Infanzia;;7;5;1;5;26/11/2015
Wagner, Piazza – Fronte ingresso oratorio e Sala Wagner;Chiesa;;7;5;2;10;13/07/2016
Wagner, Piazza – Presso angolo con Via Pier Capponi;Vari;;7;5;3;15;13/07/2016
Zoia, Via fratelli – cv 130 – Istituto di Istruzione Superiore  Marie Curie e Piero Sraffa;Scuola Secondaria di Secondo Grado;IIS Marie Curie e Piero Sraffa;7;5;6;30;2013
"Alcuino, Via – cv 4 – Istituto di Istruzione Superiore ""Severi - Correnti""";Scuola Secondaria di Secondo Grado;IIS Severi - Correnti;8;5;1;5;2013
Ande, Via delle – cv 4;Scuola Primaria;Ande – IC Massa;8;5;3;15;13/04/2015
Bacchelli, Via;Stazione metropolitana;M1 Bonola;8;5;5;25;21/05/2012
Borsa Mario, Via;Vari;;8;6;1;6;2013
Brocchi, Via – cv 5;Scuola Primaria;Scuola Brocchi;8;5;3;15;13/04/2015
"Brocchi, Via – cv 5 – Scuola Primaria ""Brocchi""";Scuola Primaria;ICS Riccardo Massa;8;5;1;5;2013
Cambi Livio, Via –  Presso stazione Lampugnano;Stazione metropolitana;M1 Lampugnano;8;5;2;10;2013
Castellino da Castello – cv 10;Scuola Primaria;Scuola Rinnovata Pizzigoni;8;5;3;15;01/04/2015
"Castellino da Castello, Via – cv 10 – Presso scuola Primaria ""Rinnovata Pizzigoni""";Scuola Primaria;;8;5;4;20;30/07/2015
Cenisio, Via – cv 2/4;Uffici e servizi pubblici;Comune di Milano;8;5;2;10;21/04/2016
Cilea, Via – cv 12;Scuola Primaria;IC Borsi – Scuola Primaria Cilea;8;6;3;18;14/06/2014
De Gasperi Alcide, Viale –           *****          PL Schiarea;Vari;;8;5;4;20;30/07/2015
Falck, Via – Presso ingressi stazione;Stazione metropolitana;M1 San Leonardo;8;5;1;5;01/02/2011
Falck, Via – Presso ingressi stazione;Stazione metropolitana;M1 San Leonardo;8;6;1;6;01/02/2011
Fattori, Via – Presso accesso principale stazione;Stazione ferroviaria;FS Certosa;8;5;2;10;24/10/2012
Ferrario Grugnola, Via – cv 3 – Presso biblioteca Villapizzone;Uffici e servizi pubblici - Biblioteca;Biblioteca Vilapizzone;8;5;1;5;26/05/2015
Gattamelata, Via – cv 20-22;Scuola dell'Infanzia;ICS Gattamelata - Gattamelata;8;5;4;20;06/06/2012
Gattamelata, Via – cv 35;Scuola Primaria;ICS Gattamelata - Micca;8;5;3;15;31/03/2015
Gattamelata, Via – cv 35-37 – Turr, cv 1;Scuola Primaria;ICS Gattamelata - Micca;8;5;6;30;19/09/2012
Gerusalemme, Piazza - cv 5;Stazione metropolitana;M5 Gerusalemme;8;6;3;18;2015
Gerusalemme, Piazza - Lato area verde;Stazione metropolitana;M5 Gerusalemme;8;6;1;6;2015
Inverigo, Via;Vari;;8;5;1;5;2013
Mambretti, Via – Presso accesso nord-ovest della stazione;Stazione ferroviaria;FS Certosa;8;5;1;5;23/10/2012
Mantegna, Via – cv 10 – Scuola dell'Infanzia;Scuola dell'Infanzia;DD Ferrante Aporti;8;5;1;5;2013
Mantegna, Via – cv 8;Scuola Primaria;;8;5;2;10;31/07/2015
Massena, Via – cv 12/3 – Scuola dell'Infanzia;Scuola dell'Infanzia;;8;5;1;5;2013
Molino Dorino – Parcheggio ATM;Parcheggio ATM presso Metro;;8;5;3;15;09/07/2012
Monviso, Via – cv 2 – Presso scuola Moscati Mameli;Scuola Secondaria di Primo Grado;Moscati Mameli;8;5;2;10;30/07/2015
Ojetti, Via – cv 13;Scuola Primaria;ISTITUTO BORSI;8;5;3;15;10/04/2015
"Orsini, Via – cv 25 – Presso Scuola Secondaria di Primo Grado ""Vico""";Scuola Secondaria di Primo Grado;ICS Via Val Lagarina;8;5;5;25;2013
Osma, Via;Vari;;8;5;1;5;30/07/2015
Procaccini, Via – cv 4 – Presso la Fabbrica del Vapore;Uffici e servizi pubblici - Comune di Milano;Fabbrica del Vapore;8;5;3;15;2013
Quarenghi, Via – cv 10;Scuola Primaria;IC Riccardo Massa - Montessori;8;5;2;10;30/07/2015
Quarenghi, Via – cv 10;Scuola Primaria;Scuola Montessori;8;5;2;10;13/04/2015
Quarenghi, Via – cv 21 ***** ASSESSORE;Uffici e servizi pubblici - Biblioteca;Biblioteca Gallaratese;8;5;2;10;19/11/2012
San Leonardo – Parcheggio ATM;Parcheggio ATM presso Metro;;8;5;2;10;07/11/2012
Santa Maria Nascente, Piazza;Scuola Primaria;Scuola M. L. King;8;5;3;15;10/04/2015
"Santa Maria Nascente, Piazza – cv – Scuola Primaria ""Martin Luther King""";Scuola Primaria;IC Cadorna;8;5;1;5;2013
Santa Maria Nascente, Piazza – Lato nord – Presso ingressi stazione;Stazione metropolitana;M1 QT8;8;5;3;15;01/02/2011
Satta, Via – cv 19;Scuola dell'infanzia;;8;5;1;5;19/07/2016
Scheibler, Parco di Villa;Parco;Villa Scheibler;8;5;1;5;2013
Sempione, Parco – Presso l'Arena Civica;Stadio;Arena Civica;8;5;3;15;2013
Senigallia, Via – cv 60 – Vari punti;Stazione metropolitana;M1 QT8;8;5;0;0;17/10/2016
Simoni Renato, Via – Presso ingresso ovest (10 posti) della stazione;Stazione ferroviaria;FNM Quarto Oggiaro;8;5;2;10;08/03/2013
Uruguay, Via – cv 26/3;Scuola Secondaria di Secondo Grado;CARLO PORTA;8;5;3;15;13/04/2015
Varesina, Via – Presso accesso sud ovest stazione;Stazione ferroviaria;FS Certosa;8;5;1;5;09/11/2012
Affori, Viale – cv 21 – Biblioteca – Ingresso su strada al Parco Villa Litta;Uffici e servizi pubblici - Biblioteca;Biblioteca Villa Litta;9;5;2;10;29/07/2015
Amoretti, Via – Presso ingresso est (20 posti) della stazione;Stazione ferroviaria;FNM Quarto Oggiaro;9;5;4;20;08/03/2013
"Asturie, Via – cv 1 – Scuola Secondaria di Primo Grado ""Giovanni Verga""";Scuola Secondaria di Primo Grado;"IC Pertini – Scuola ""Giovanni Verga""";9;5;1;5;2013
Aulenti, Piazza – Podio Garibaldi – Varie aree;Vari;;9;;?;?;2014
"Baldinucci , Via – cv 76 – Presso la biblioteca ""Dergano - Bovisa"" e l'anagrafe";Uffici e servizi pubblici - Biblioteca;Biblioteca Dergano - Bovisa;9;5;1;5;2013
Bernina, Via — cv 12 — NUOVA SEDE Uffici tecnici del Comune - Parcheggio interno per dipendenti;Uffici e servizi pubblici - Comune di Milano;;9;5;4;20;28/10/2015
Bignami, Via – cv 1;Ospedale;Istituti Clinici di Perfezionamento;9;5;1;5;16/08/2016
Bovisa – Presso ingresso sud della stazione;Stazione ferroviaria;FNM Bovisa;9;5;16;80;22/03/2013
"Cesari, Via – cv 38 – Scuola Primaria ""Duca degli Abruzzi""";Scuola Primaria;Duca degli Abruzzi;9;5;3;15;27/03/2015
"Cesari, Via – cv 38 – Scuola Primaria ""Duca degli Abruzzi""";Scuola Primaria;IC Locchi;9;5;1;5;2013
Comasina, Via – Angolo Via Teano;Stazione metropolitana;M3 Comasina;9;5;1;5;30/07/2012
Comasina, Via – Presso lato nord della stazione;Stazione ferroviaria e metropolitana;FNM Affori - M3;9;5;8;40;12/03/2013
Comasina, Via – Presso lato sud della stazione;Stazione ferroviaria e metropolitana;FNM Affori - M3;9;10;4;40;01/02/2011
Comasina, Via – Presso lato sud della stazione;Stazione ferroviaria e metropolitana;FNM Affori - M3;9;5;14;70;13/03/2013
Cozzi, Via – cv 53 – Presso palazzo U9 – CNR ***** ASSESSORE;Uffici;CNR Bicocca;9;5;4;20;29/07/2015
Ferrari Giuseppe, Via - Presso giardini sul lato sud, angolo Quadrio;Giardino pubblico;;9;5;2;10;01/06/2013
Gatti, Via – cv 14;Scuola Secondaria di Secondo Grado;GALVANI;9;5;3;15;25/03/2015
Goffredo da Bussero , Via – cv 9           Scuola G.B. Pirelli;Scuola Primaria;G. B. Pirelli;9;5;3;15;13/05/2015
"Grimm, Via fratelli – cv 11 – Scuola dell'Infanzia di ""Via Grimm""";Scuola dell'Infanzia;;9;5;1;5;2013
Guerzoni, Via – cv 38 – Presso il giardino del Consiglio di Zona;Uffici e servizi pubblici - CdZ 9 - Giardino;;9;5;1;5;2013
"Guicciardi, Via – cv 1 – Scuola Primaria ""Marie Curie""";Scuola Primaria;Scuola Marie Curie;9;5;1;5;02/04/2015
"Guicciardi, Via – cv 1 – Scuola Primaria ""Marie Curie""";Scuola Primaria;IC Maffucci;9;5;1;5;2013
Guicciardi, Via – cv 3/A – Nido d'Infanzia di Via Guicciardi;Nido d'Infanzia;;9;5;1;5;2013
Imbonati, Via – cv 86 – Presso stazione M3 Dergano;Stazione metropolitana;M3 Dergano;9;11;2;22;2012
Innovazione, Viale della – cv 7 – Presso uffici ESATRI ***** ASSESSORE;Uffici;ESATRI - Bicocca;9;5;4;20;12/05/2015
Istria, Piazzale – Scuola secondaria Tommaseo – Uscite MM;Stazione metropolitana;M5 Istria;9;5;3;15;29/07/2015
Maffucci, Via – civ 60;Scuola Secondaria di Primo Grado;Scuola Secondaria Maffucci;9;5;1;5;29/10/2015
Mann, Via – civ. 9;Scuola dell'infanzia;;9;5;1;5;28/10/2015
Ornato, Via – Presso capolinea linee 4 e 5 – Area nord;Fermata tranviaria;ATM – Linee 4 e 5 – Capolinea;9;6;6;36;01/04/2012
Ornato, Via – Presso capolinea linee 4 e 5 – Area sud;Fermata tranviaria;ATM – Linee 4 e 5 – Capolinea;9;6;4;24;01/04/2012
Passerini, Via – cv 4;Scuola Secondaria di Primo Grado;Scuola Secondaria Cassinis;9;5;3;15;26/03/2015
Passerini, Via – cv 5  – Presso uffici Anagrafe e Biblioteca - Ang. Calboli;Uffici e servizi pubblici - Biblioteca - Anagrafe;Biblioteca Niguarda;9;5;2;10;13/05/2015
Passerini, Via – cv 5 – Presso l'anagrafe e il Comando di Polizia Locale di zona 9;Uffici e servizi pubblici - Anagrafe - Comando PL zona 9;;9;5;1;5;2013
Paulucci di Calboli Fulcieri, Via – cv 1;Scuola Secondaria di Primo Grado;Scuola Secondaria Cassinis;9;5;1;5;26/03/2015
Pepe  civ. N° 30 – Presso gli ingressi pedonali;Stazione ferroviaria e metropolitana;FS Porta Garibaldi - M2-M5 Garibaldi;9;5;1;5;18/10/2012
Pepe, Via – cv 12 – Presso gli ingressi pedonali;Stazione ferroviaria e metropolitana;FS Porta Garibaldi - M2-M5 Garibaldi;9;5;3;15;13/02/2016
Pepe, Via – cv 18 – Presso gli ingressi pedonali;Stazione ferroviaria e metropolitana;FS Porta Garibaldi - M2-M5 Garibaldi;9;5;2;10;13/02/2016
Pepe, Via – cv 20 – Presso gli ingressi pedonali;Stazione ferroviaria e metropolitana;FS Porta Garibaldi - M2-M5 Garibaldi;9;5;2;10;13/02/2016
"Pianell, Via – cv 40 – Scuola Primaria ""Carlo Poerio""";Scuola Primaria;;9;5;1;5;2013
Pirelli, Via – Fronte Palazzo Pirelli ***** ASSESSORE          ;Stazione metropolitana;M2 Gioia;9;5;1;5;25/10/2012
Principessa Clotilde, Piazzale;Esercizio commerciale;Bio c' Bon;9;5;1;5;2013
Rossi, Via – cv 75 – Presso stazione M3 Affori Centro;Stazione metropolitana;M3 Affori Centro;9;6;3;18;2013
Sant'Arnaldo, Via – cv 17 – Presso la Biblioteca Cassina Anna;Uffici e servizi pubblici - Biblioteca;Biblioteca Cassina Anna;9;5;1;5;2013
"Sarca , Viale – cv 24 – Scuola Secondaria di Primo Grado ""Falcone e Borsellino""";Scuola Secondaria di Primo Grado;IC Arbe Zara;9;5;1;5;2013
Scialoia, Via – cv 15/19/21;Scuola Secondaria di Primo Grado;Scuola Secondaria Buonarroti;9;5;3;15;02/04/2015
Sturzo, Viale – Presso ingresso Building B;Uffici;;9;6;1;6;01/02/2013
Sturzo, Viale – Presso lato sud della stazione, a quota marciapiede;Stazione ferroviaria e metropolitana;FS Porta Garibaldi - M2-M5 Garibaldi;9;5;17;85;15/12/2013
Sturzo, Viale – Presso lato sud ingresso della stazione;Stazione ferroviaria e metropolitana;FS Porta Garibaldi - M2-M5 Garibaldi;9;5;7;35;26/07/2012
Sud, Via del – Presso ingresso est del Building C;Uffici;;9;6;1;6;01/02/2013
Sud, Via del – Presso ingresso est del Building E-1;Uffici;;9;6;1;6;01/02/2013
Sud, Via del – Presso ingresso ovest del Building C;Uffici;;9;6;1;6;01/02/2013
Sud, Via del – Presso ingresso ovest del Building E-1;Uffici;;9;6;1;6;01/02/2013
Testi Fulvio, Viale              MM Lilla - Bicocca;Stazione metropolitana;M5 Bicocca;9;5;2;10;13/05/2015
Testi Fulvio, Viale              MM Lilla - Bignami;Stazione metropolitana;M5 Bignami;9;5;2;10;13/05/2015
Volturno, Via – Presso ingressi della stazione M5 Isola e altri;Vari;;9;5;17;85;01/10/2012
